id,time,Head_x,Head_y,Head_z,ShoulderCenter_x,ShoulderCenter_y,ShoulderCenter_z,ShoulderLeft_x,ShoulderLeft_y,ShoulderLeft_z,ShoulderRight_x,ShoulderRight_y,ShoulderRight_z,ElbowLeft_x,ElbowLeft_y,ElbowLeft_z,ElbowRight_x,ElbowRight_y,ElbowRight_z,WristLeft_x,WristLeft_y,WristLeft_z,WristRight_x,WristRight_y,WristRight_z,HandLeft_x,HandLeft_y,HandLeft_z,HandRight_x,HandRight_y,HandRight_z,Spine_x,Spine_y,Spine_z,HipCenter_x,HipCenter_y,HipCenter_z,HipLeft_x,HipLeft_y,HipLeft_z,HipRight_x,HipRight_y,HipRight_z,KneeLeft_x,KneeLeft_y,KneeLeft_z,KneeRight_x,KneeRight_y,KneeRight_z,AnkleLeft_x,AnkleLeft_y,AnkleLeft_z,AnkleRight_x,AnkleRight_y,AnkleRight_z,FootLeft_x,FootLeft_y,FootLeft_z,FootRight_x,FootRight_y,FootRight_z
1,313481913,-0.026368681,0.693871915,2.888344049,-0.043239564,0.490676075,2.969688892,-0.219191208,0.391310275,2.998520374,0.136405438,0.379276752,2.95067215,-0.364771783,0.091341287,2.963107586,0.208526447,0.108506583,2.952314615,-0.5511446,-0.050853461,2.872533321,0.334100038,-0.049734078,2.796703577,-0.601708651,-0.066319734,2.88084507,0.393918186,-0.100330681,2.747509956,-0.034776192,0.112571307,2.955435276,-0.040889546,0.049342718,2.894859791,-0.119639173,-0.030378502,2.883266926,0.039032105,-0.028463038,2.876018047,-0.157034501,-0.474435329,2.829572201,0.077523343,-0.473721594,2.81828928,-0.151674137,-0.876315057,2.870112181,0.090415351,-0.877688229,2.858647823,-0.163849235,-0.966485798,2.822715044,0.129027277,-0.978403509,2.796604872
2,313481916,-0.026386995,0.693952441,2.888400078,-0.044465017,0.490620196,2.970339298,-0.219259351,0.391367376,2.998411894,0.135486871,0.379440367,2.951928139,-0.36329636,0.094752938,2.96562171,0.209745735,0.113667652,2.954988241,-0.555992663,-0.033487201,2.866034031,0.333902061,-0.041631952,2.794660568,-0.591165543,-0.040545713,2.881782532,0.399482667,-0.080436781,2.741572857,-0.035085142,0.11251466,2.956101656,-0.040898554,0.049287483,2.895448923,-0.119427428,-0.030317327,2.883796453,0.03903909,-0.02841353,2.876615524,-0.157131419,-0.473273903,2.82977438,0.077380888,-0.472454667,2.818647146,-0.151889428,-0.877022207,2.869780302,0.09021797,-0.877717793,2.858922482,-0.165133849,-0.967448592,2.822091103,0.12957108,-0.978471875,2.795848608
3,313481919,-0.027301632,0.694336474,2.887144327,-0.044747666,0.490955383,2.970750332,-0.221913993,0.392135143,2.999878168,0.134802148,0.380249977,2.952996731,-0.350693733,0.12129458,2.980889797,0.209856793,0.120265894,2.958182812,-0.538255095,-0.006106474,2.869535208,0.336143792,-0.025774263,2.790394783,-0.599600196,-0.030472051,2.874307871,0.421123505,-0.069043159,2.725257158,-0.035268962,0.113534421,2.957298279,-0.041071668,0.050373547,2.896710396,-0.119819403,-0.029702052,2.884489059,0.039297655,-0.027432628,2.878152132,-0.15713802,-0.473341852,2.829999924,0.077480316,-0.472741783,2.818744421,-0.151893839,-0.876977324,2.870168686,0.090002581,-0.877313852,2.859131098,-0.16508843,-0.967829645,2.822123051,0.128266513,-0.976913273,2.795695782
4,313481923,-0.028854681,0.693253994,2.887294531,-0.045589801,0.490955621,2.971250772,-0.221794695,0.392544806,3.000024796,0.13413921,0.38015011,2.953778505,-0.344047338,0.14060472,2.986006498,0.206311688,0.118138202,2.95760417,-0.53571552,0.012380542,2.867501736,0.380049974,-0.019448495,2.742059469,-0.60510993,-0.017452629,2.868111134,0.425119579,-0.045245308,2.722584724,-0.035370272,0.113704652,2.957997561,-0.040945057,0.050557096,2.897411823,-0.119495161,-0.029336574,2.88487792,0.039538655,-0.026979195,2.879647493,-0.15724358,-0.472956508,2.830512047,0.077347457,-0.472606421,2.818917274,-0.151885405,-0.877445698,2.869651794,0.090057969,-0.878995597,2.859084606,-0.167094499,-0.968579531,2.822510242,0.129056439,-0.977235675,2.795613527
5,313481926,-0.030945849,0.691907644,2.88776207,-0.046054639,0.490631878,2.970970154,-0.221877694,0.392638475,2.999923229,0.133730248,0.380507767,2.955169439,-0.341578007,0.14747335,2.986122847,0.198238969,0.119479746,2.963867903,-0.529567301,0.032954149,2.861314297,0.380997211,-0.01535398,2.741889715,-0.593814135,0.006256796,2.86494875,0.424955904,-0.030655859,2.725104094,-0.035625283,0.113823541,2.958323002,-0.040959839,0.050695136,2.897828817,-0.119459495,-0.02913937,2.885220528,0.03959604,-0.026858455,2.880394936,-0.157415926,-0.470691919,2.830812454,0.077273212,-0.472597748,2.819040775,-0.151862845,-0.877799809,2.869759083,0.089921981,-0.879917204,2.858870268,-0.167498037,-0.969152868,2.822825193,0.130430758,-0.978369653,2.79760623
6,313481929,-0.03279867,0.690681994,2.886847258,-0.046867631,0.490608871,2.971262693,-0.222070187,0.392833799,3.00002861,0.133309022,0.380407333,2.955799341,-0.342606097,0.147405162,2.986620426,0.19273597,0.119772062,2.970776796,-0.531852424,0.037421517,2.859783173,0.383617401,-0.003935879,2.741195679,-0.595842242,0.0107294,2.863605499,0.424060345,-0.014507207,2.728146315,-0.036292825,0.113916948,2.959004879,-0.041491747,0.050764944,2.898482561,-0.119984493,-0.029036036,2.886044025,0.039157812,-0.026785748,2.880835295,-0.157236069,-0.470240712,2.831192732,0.077663101,-0.471090555,2.819766283,-0.151799366,-0.877685905,2.869669676,0.089849219,-0.879671276,2.859083176,-0.166675761,-0.967811346,2.819767952,0.130464926,-0.978314221,2.797496796
7,313481933,-0.032160204,0.692942262,2.887761831,-0.047615029,0.49076128,2.971373558,-0.222477138,0.39877668,3.0008564,0.132947668,0.380223662,2.956708193,-0.343110025,0.14796783,2.987117529,0.191392273,0.119503185,2.968404055,-0.550935686,0.08873421,2.855371475,0.389477491,0.010517362,2.73626709,-0.614819348,0.060471755,2.859094381,0.43019864,0.004046868,2.724125147,-0.036955684,0.114356883,2.959605932,-0.041923691,0.051217202,2.899098158,-0.120304532,-0.028290076,2.886395931,0.038640045,-0.026556049,2.881889343,-0.15755485,-0.469947189,2.831731081,0.077649698,-0.471061081,2.819800615,-0.151678324,-0.877971232,2.869557858,0.089223437,-0.879793227,2.859216452,-0.166726604,-0.96792078,2.818776608,0.13070637,-0.978418887,2.797495842
8,313481937,-0.033005435,0.693340421,2.888257027,-0.04805848,0.491180778,2.972023726,-0.22276707,0.399096251,3.001001358,0.132947773,0.380474448,2.957980633,-0.343598962,0.156366438,2.988933325,0.190987706,0.118404828,2.96873951,-0.554830194,0.101193294,2.849107742,0.392446101,0.023555443,2.73588109,-0.646439195,0.091105603,2.838065386,0.435823977,0.024567351,2.72166276,-0.037397455,0.114790745,2.960473776,-0.042153265,0.051624589,2.899901628,-0.120489962,-0.02797867,2.88663435,0.038485613,-0.026329979,2.883280516,-0.157528847,-0.470372438,2.831899643,0.077582397,-0.471048206,2.819783688,-0.151723921,-0.878153622,2.869387865,0.089113511,-0.879321992,2.859342337,-0.167545855,-0.968677044,2.816429615,0.13214159,-0.979340971,2.801651716
9,313481940,-0.033849761,0.689477921,2.889720917,-0.049408685,0.49090153,2.972421169,-0.222993672,0.400070757,3.001653671,0.132870689,0.380851865,2.95857048,-0.347276986,0.158272535,2.990910769,0.19134295,0.117660739,2.970342398,-0.55603385,0.108363174,2.845649719,0.39239043,0.041389666,2.739942551,-0.66477716,0.101247236,2.826859713,0.433083683,0.039337654,2.726714611,-0.037869077,0.115027107,2.961055517,-0.042508498,0.051923946,2.900483847,-0.120608918,-0.02771055,2.886723995,0.038043007,-0.026119711,2.884597063,-0.158044636,-0.469915062,2.831992388,0.077502146,-0.470893502,2.819771528,-0.151536554,-0.876307726,2.869728804,0.088922903,-0.87886548,2.85926342,-0.166509032,-0.966341674,2.822686911,0.13184081,-0.979046941,2.800769091
10,313481943,-0.032651238,0.693788171,2.890862465,-0.049895436,0.491262972,2.972352743,-0.223384187,0.400957048,3.001512766,0.132897541,0.381226867,2.959949255,-0.350589603,0.159906879,2.98986721,0.190624908,0.121069565,2.971313,-0.575377226,0.121813744,2.83613801,0.39776814,0.057178896,2.738434076,-0.651335001,0.126510188,2.810718298,0.439873993,0.056926005,2.722922087,-0.038500514,0.115746692,2.961547136,-0.042878237,0.052683156,2.901034594,-0.121002361,-0.026826769,2.887311697,0.037840564,-0.025748895,2.88499856,-0.158127815,-0.469822019,2.832075834,0.077492878,-0.471289515,2.820042133,-0.151705191,-0.877499342,2.869138718,0.088188142,-0.879280388,2.860722542,-0.169123441,-0.970054567,2.825423717,0.131851465,-0.978975952,2.800772667
11,313481946,-0.033986755,0.69414252,2.889593124,-0.050376564,0.491348088,2.972404003,-0.223822102,0.402173996,3.001679182,0.131863132,0.381925583,2.960770607,-0.352901936,0.163139835,2.990105391,0.191746861,0.122258991,2.970636368,-0.579583704,0.136106893,2.823744059,0.396365941,0.071779326,2.742257357,-0.647271574,0.134867653,2.8064816,0.448162138,0.077140525,2.716975927,-0.039289828,0.116142817,2.961879253,-0.043599248,0.053130824,2.901372194,-0.121604793,-0.02625427,2.88762784,0.036834534,-0.025137581,2.8853724,-0.158514306,-0.470138669,2.832277536,0.077351756,-0.470257789,2.820010424,-0.151773617,-0.877402186,2.869128704,0.088368759,-0.876172543,2.862137556,-0.167822778,-0.969988346,2.824586868,0.127806276,-0.975721419,2.797966719
12,313481950,-0.034138519,0.693654299,2.890000343,-0.051216982,0.491482079,2.973140001,-0.224724948,0.403941572,3.002583265,0.131624162,0.382455736,2.961785078,-0.358011365,0.165549055,2.990851164,0.193690836,0.125964373,2.973037243,-0.58783102,0.147901729,2.818280697,0.397005796,0.083371952,2.740676641,-0.645464063,0.14694795,2.803941011,0.450787425,0.0938152,2.714887381,-0.039672583,0.116515063,2.962489843,-0.043830302,0.053568508,2.901925564,-0.121751256,-0.025828902,2.887783527,0.036720067,-0.024900548,2.886135578,-0.159123063,-0.469666839,2.832756042,0.077220455,-0.470074028,2.820089579,-0.151826322,-0.877346039,2.869154692,0.088350989,-0.877650857,2.860948563,-0.167402014,-0.969525874,2.823296547,0.128839284,-0.976427436,2.797935486
13,313481953,-0.033859402,0.695269823,2.893239021,-0.051368602,0.491933078,2.973338366,-0.224323139,0.404367834,3.002445459,0.131239057,0.383138955,2.962629557,-0.37601757,0.168135822,2.986116171,0.205601782,0.129735917,2.967527151,-0.589071035,0.15241307,2.81992054,0.403026491,0.095238909,2.739467621,-0.646249533,0.15596506,2.806350708,0.458376795,0.109415129,2.71843648,-0.039954785,0.116550155,2.962774992,-0.044001233,0.053523809,2.902200222,-0.121771857,-0.025708666,2.887961149,0.036195081,-0.02492347,2.88670516,-0.159256533,-0.469408512,2.832804441,0.077092767,-0.469957381,2.820170403,-0.151839316,-0.877791107,2.869282484,0.088216938,-0.877614796,2.86088419,-0.16959551,-0.970141888,2.821793795,0.129418403,-0.9769153,2.796561956
14,313481956,-0.033069447,0.696741223,2.894149542,-0.050782662,0.492830038,2.973199129,-0.225177437,0.405001611,3.003018141,0.131370112,0.383399606,2.964094877,-0.381382257,0.170506641,2.984623432,0.230227947,0.160388857,2.959474802,-0.589357138,0.161666572,2.816963911,0.404913306,0.110316686,2.739916086,-0.648124099,0.168869436,2.802281618,0.462130308,0.121430606,2.715801001,-0.040329345,0.117297105,2.963091373,-0.044387553,0.05425813,2.902564526,-0.122564614,-0.025025431,2.888324261,0.035915814,-0.024547692,2.887000799,-0.159366295,-0.469494849,2.833104372,0.077070974,-0.469761133,2.820098639,-0.151908219,-0.878173232,2.869098663,0.088211924,-0.877288163,2.861146688,-0.170480639,-0.971585155,2.823222637,0.129683897,-0.976798534,2.796195507
15,313481960,-0.034921028,0.695630193,2.89567399,-0.051245287,0.49327001,2.973793507,-0.225017712,0.404792279,3.002800703,0.131328776,0.383589864,2.964957714,-0.384100258,0.185995996,2.984422922,0.220926747,0.153857127,2.961445093,-0.591268957,0.169614524,2.816803932,0.409451306,0.123621911,2.736963034,-0.653197467,0.176839948,2.800952196,0.461696208,0.139987707,2.711924791,-0.040840536,0.117164887,2.963353872,-0.044757944,0.054069914,2.90275836,-0.122716777,-0.025081243,2.888351679,0.035312284,-0.024725202,2.887307405,-0.159495816,-0.469491243,2.833137751,0.077164523,-0.469626814,2.820151567,-0.15192014,-0.878327727,2.86913681,0.088296145,-0.877206147,2.861111164,-0.169476226,-0.970160425,2.821921349,0.129670158,-0.976808846,2.796123743
16,313481963,-0.03654699,0.69528085,2.896948814,-0.051503409,0.493695825,2.974047184,-0.224853039,0.404565752,3.002452374,0.131207436,0.383863419,2.965404272,-0.384900987,0.191979975,2.98331213,0.239415869,0.163849995,2.951396942,-0.59497714,0.179813385,2.813398838,0.413456053,0.13605611,2.737644672,-0.663906217,0.193821549,2.796045542,0.469699949,0.157852262,2.710475922,-0.041059282,0.117158562,2.963619232,-0.044863928,0.053984188,2.903006077,-0.122766197,-0.025091168,2.888467312,0.035191916,-0.024774579,2.887716293,-0.15985322,-0.469408065,2.833707571,0.077318616,-0.468554109,2.820544958,-0.151846111,-0.877613544,2.869280577,0.088343762,-0.877196252,2.861171484,-0.16714254,-0.968899071,2.824585438,0.129687741,-0.976812363,2.79614377
17,313481967,-0.036173806,0.694812715,2.898980379,-0.051670063,0.493852615,2.974285364,-0.224615723,0.404639006,3.001877069,0.13099128,0.38382259,2.96544981,-0.387152433,0.206327111,2.979924917,0.243872225,0.166171283,2.952098608,-0.598096848,0.193342999,2.810286999,0.415660679,0.147591799,2.73585701,-0.665554881,0.199117944,2.790430307,0.475321114,0.169740736,2.709359169,-0.041279707,0.117071927,2.963839531,-0.044990834,0.05384285,2.903198719,-0.122793704,-0.025105374,2.888515949,0.034984987,-0.024848836,2.888042688,-0.159990534,-0.469368398,2.83381319,0.077304818,-0.468620718,2.820515871,-0.151964396,-0.877857149,2.869377375,0.087892331,-0.876930594,2.8606534,-0.166480348,-0.969268262,2.824699402,0.13007547,-0.977019072,2.795733213
18,313481970,-0.03759354,0.697137475,2.901942968,-0.052078746,0.493871868,2.974149227,-0.224494338,0.405003965,3.001538992,0.130986601,0.38369894,2.965733767,-0.387992501,0.208256394,2.979548454,0.238663614,0.14729616,2.958588839,-0.599843204,0.200090587,2.807025671,0.423408628,0.169305384,2.732329607,-0.668235242,0.210655719,2.785681486,0.486204863,0.190843061,2.703759432,-0.041497424,0.117277049,2.964033365,-0.045067668,0.054050922,2.903429985,-0.12284755,-0.024764329,2.888703108,0.035000548,-0.024676124,2.888461113,-0.160156995,-0.469247699,2.833846569,0.076997183,-0.469049931,2.820641518,-0.152232647,-0.879340053,2.868920565,0.087967567,-0.877111733,2.860985518,-0.166355327,-0.969090104,2.824109793,0.130193979,-0.977050662,2.796219349
19,313481973,-0.037970975,0.697032511,2.901991129,-0.052394722,0.494499773,2.974522829,-0.225497395,0.405888855,3.001796722,0.130775675,0.383741856,2.965757847,-0.395251304,0.210088521,2.973936796,0.260006189,0.174924493,2.945652962,-0.602983117,0.215582848,2.800391674,0.423634946,0.172768667,2.732045889,-0.676454902,0.226619154,2.778302431,0.484837115,0.197538376,2.703034401,-0.041750964,0.117726795,2.964307308,-0.04528489,0.054449469,2.903649092,-0.123113826,-0.024434533,2.888656139,0.034892291,-0.024354994,2.888827562,-0.160267368,-0.469225228,2.833998442,0.076691702,-0.468096673,2.820593834,-0.151792705,-0.87833637,2.869725943,0.087957792,-0.87710917,2.860992432,-0.165473059,-0.965504766,2.824740171,0.130330414,-0.977044642,2.795908451
20,313481976,-0.037823331,0.697228432,2.902042389,-0.052817553,0.494957507,2.974753141,-0.225283191,0.406462133,3.001334429,0.130843729,0.384126633,2.966397285,-0.396802872,0.211791411,2.972584009,0.246548012,0.137867302,2.947294474,-0.60305351,0.221495807,2.797903538,0.427575409,0.184457332,2.728663445,-0.67622447,0.235271126,2.775474787,0.484933376,0.207312837,2.700247526,-0.042060327,0.117924154,2.964513779,-0.04538079,0.054598976,2.903805494,-0.123145774,-0.024286132,2.888670921,0.034779321,-0.024161266,2.889181376,-0.160941929,-0.468917936,2.834135771,0.076791734,-0.467479467,2.820955515,-0.151728794,-0.878971994,2.869604588,0.087333336,-0.875226021,2.862270117,-0.165425837,-0.966271639,2.822846889,0.130591691,-0.977315068,2.795545578
21,313481979,-0.037855007,0.69793582,2.902949333,-0.05270534,0.495530516,2.974889517,-0.226890862,0.408219308,3.001753807,0.13083595,0.384106249,2.96659565,-0.399466097,0.213802367,2.970074177,0.268460184,0.184459046,2.948862791,-0.599650502,0.232999891,2.795846939,0.429739445,0.198310703,2.725654602,-0.674586177,0.250714839,2.77181673,0.48751986,0.225396439,2.697381258,-0.042353127,0.118853815,2.964818239,-0.045714643,0.055583861,2.904114723,-0.123736799,-0.02358035,2.888675213,0.034660999,-0.023631293,2.889511347,-0.161030978,-0.468744785,2.83424592,0.076850355,-0.467455775,2.821031809,-0.151802182,-0.879520118,2.870226622,0.087366134,-0.875172913,2.862264156,-0.166781187,-0.968466759,2.824208736,0.130749062,-0.97739625,2.794999599
22,313481983,-0.038109303,0.697425485,2.903028011,-0.05272112,0.495806843,2.975012064,-0.22767882,0.410335094,3.002245426,0.130773678,0.384357154,2.966862917,-0.399495333,0.214295432,2.970021963,0.268346429,0.185052261,2.948410034,-0.586849093,0.23978141,2.802374125,0.429028332,0.210678279,2.724482775,-0.673593879,0.254977256,2.77134347,0.486948013,0.240598321,2.69709444,-0.042579871,0.119539835,2.965165377,-0.045947425,0.056327485,2.904482126,-0.12398874,-0.022966104,2.888723612,0.034432892,-0.023055468,2.890111685,-0.161638334,-0.468356669,2.834037781,0.076833025,-0.467658967,2.821008205,-0.151335225,-0.87939477,2.870660067,0.08755371,-0.874908805,2.86249876,-0.16730918,-0.96773392,2.825430393,0.130927324,-0.977345347,2.795017719
23,313481986,-0.038312748,0.697700024,2.904037476,-0.052692149,0.49644056,2.97510767,-0.22705245,0.410062313,3.001038074,0.130687147,0.38466832,2.967134714,-0.399560094,0.215995878,2.968751669,0.255851328,0.177734092,2.949416876,-0.585441113,0.244539708,2.80155611,0.430201173,0.218906149,2.722115993,-0.674037457,0.264838457,2.76944375,0.485859036,0.246182442,2.696866989,-0.042804077,0.119598709,2.965213537,-0.045975942,0.056346778,2.904499769,-0.123994067,-0.022896411,2.888682365,0.034258779,-0.022924785,2.890254259,-0.161700413,-0.468084365,2.833850384,0.076797962,-0.46797803,2.821272612,-0.151315182,-0.878741741,2.870852232,0.087636329,-0.874829113,2.862342119,-0.167095795,-0.967418015,2.826328993,0.131028086,-0.977449358,2.795018911
24,313481990,-0.03813367,0.697905362,2.904896021,-0.052836098,0.496739328,2.975022316,-0.226593211,0.410487235,2.999953508,0.130639881,0.384653062,2.96712923,-0.401261628,0.218362495,2.966504097,0.255416393,0.177919626,2.951351166,-0.598362744,0.274351388,2.782946348,0.4301157,0.228036284,2.722122192,-0.667165697,0.283857763,2.769576073,0.487060428,0.265420496,2.693591118,-0.042999662,0.119646654,2.965197325,-0.045996692,0.056360103,2.90446806,-0.123998381,-0.022801209,2.888589859,0.034236517,-0.022898791,2.8902421,-0.161741897,-0.468081743,2.833885908,0.076565042,-0.467596054,2.821263075,-0.151406705,-0.881564319,2.869849205,0.087982446,-0.874443829,2.86247468,-0.169714421,-0.969908535,2.816111803,0.129937336,-0.977056026,2.796402216
25,313481993,-0.035653133,0.701392293,2.906461477,-0.052564476,0.497072399,2.974995852,-0.226902559,0.411052853,3.000140429,0.130642951,0.384685278,2.967141628,-0.406199127,0.222384334,2.959909916,0.269750774,0.187459454,2.946038246,-0.598352849,0.276452541,2.781812429,0.432880342,0.242217958,2.722445488,-0.665369272,0.2875911,2.768516779,0.488061011,0.276561737,2.694540977,-0.043047316,0.120042667,2.965276241,-0.046110239,0.056756154,2.904553413,-0.124379739,-0.02236037,2.888557673,0.034221284,-0.022649273,2.890384674,-0.161635458,-0.468243659,2.834052563,0.076726876,-0.467810065,2.821254969,-0.151319727,-0.881650448,2.869711161,0.087932527,-0.875037789,2.862520218,-0.169048533,-0.969292283,2.8165555,0.13009879,-0.976973116,2.796159744
26,313481997,-0.035662904,0.701349974,2.906431198,-0.052249547,0.497363657,2.974699974,-0.227428794,0.412701517,3.000874758,0.130564079,0.384681612,2.967160702,-0.406287372,0.223559573,2.960101843,0.262873769,0.183207706,2.946735859,-0.594447553,0.282514393,2.782504797,0.429226398,0.246549726,2.725276232,-0.66188693,0.296692789,2.76696372,0.484164059,0.284476519,2.698169708,-0.043098375,0.120402612,2.965148926,-0.046292711,0.057124987,2.904432774,-0.124747761,-0.02180548,2.888392687,0.034047704,-0.022459056,2.890296936,-0.162005052,-0.468155533,2.833921194,0.076460794,-0.467779249,2.821343899,-0.151317537,-0.881653905,2.869717121,0.088000312,-0.875844657,2.861732721,-0.169467822,-0.969432712,2.817594767,0.130740896,-0.977374256,2.796474218
27,313482000,-0.035845652,0.701128006,2.90699935,-0.052334867,0.497651786,2.974601984,-0.228003919,0.413418233,3.000847816,0.130604863,0.384799063,2.967054844,-0.409839451,0.227262124,2.955153704,0.274494171,0.191710755,2.94280982,-0.591430128,0.285675347,2.783827066,0.431983709,0.265532732,2.72567606,-0.659060061,0.309351832,2.765031576,0.481273025,0.303191751,2.706142664,-0.043122634,0.120800763,2.965016365,-0.046279196,0.057528801,2.904285192,-0.124797359,-0.021555249,2.888198137,0.03417841,-0.02220815,2.890164137,-0.162050292,-0.46813494,2.833831072,0.076408133,-0.467825174,2.821148634,-0.15166086,-0.880543053,2.870178461,0.087818377,-0.876969516,2.861679316,-0.169341028,-0.969376087,2.817446232,0.132518709,-0.978231788,2.799263716
28,313482003,-0.035960723,0.699938893,2.907571554,-0.052296877,0.497938156,2.97461915,-0.226781368,0.413322002,2.999040842,0.130677745,0.384824127,2.966983318,-0.412369639,0.230440289,2.952956676,0.277198672,0.194089204,2.940529823,-0.589551926,0.29931736,2.780105352,0.435435176,0.278974384,2.715990067,-0.657579303,0.32090205,2.763065338,0.480134368,0.306149751,2.704686403,-0.04334474,0.120816469,2.965003729,-0.046263888,0.057530787,2.904239416,-0.124755718,-0.021510668,2.888093233,0.034189139,-0.022173593,2.890126705,-0.162216604,-0.46773234,2.833051205,0.076072782,-0.467285275,2.820914268,-0.151730403,-0.878897548,2.869943619,0.087758288,-0.877022207,2.861748695,-0.169647396,-0.969320834,2.81767416,0.132324427,-0.977846563,2.798570395
29,313482006,-0.036139589,0.699912071,2.907906294,-0.052507371,0.497912347,2.97448802,-0.227102697,0.414032787,2.999141455,0.130977541,0.385178,2.96672678,-0.414874077,0.234479517,2.951833487,0.27817899,0.195371091,2.938946724,-0.587564766,0.30557853,2.780090809,0.434553295,0.283200592,2.714377403,-0.6522367,0.336255491,2.762941122,0.4788495,0.312367797,2.704161644,-0.043513142,0.121139184,2.964874744,-0.046464175,0.057954948,2.904101849,-0.125095859,-0.021065572,2.887910843,0.034171019,-0.022032194,2.890007257,-0.162331983,-0.467537612,2.833110332,0.075953968,-0.467101276,2.820683002,-0.151628226,-0.878714681,2.870114326,0.087799259,-0.877094388,2.861425877,-0.169929147,-0.969961345,2.820776224,0.132369727,-0.977847874,2.798230648
30,313482009,-0.036607649,0.70027554,2.908267975,-0.052661888,0.498258263,2.974723101,-0.226033881,0.414620727,2.997671127,0.131163925,0.385778785,2.966814518,-0.417539954,0.23917973,2.950771093,0.281886697,0.199216381,2.934939861,-0.587988794,0.318140388,2.78108573,0.437643856,0.300220579,2.712518215,-0.652213514,0.348092496,2.759655237,0.481939256,0.334359109,2.701133251,-0.043733094,0.121215321,2.964852333,-0.046447404,0.058039289,2.904034853,-0.124915197,-0.020699356,2.887588739,0.034160666,-0.021920213,2.88996172,-0.162241414,-0.467377335,2.833131313,0.075884238,-0.467392743,2.820550203,-0.15168564,-0.878668547,2.870591402,0.087818287,-0.877423882,2.860049248,-0.168589503,-0.970598757,2.832775354,0.132196724,-0.977813244,2.797268629
31,313482013,-0.036075857,0.70180887,2.90819025,-0.052724302,0.498988748,2.974850178,-0.227957577,0.421497226,3.00108695,0.131119013,0.385956198,2.966496468,-0.419235498,0.243022904,2.949707031,0.286038101,0.20335874,2.932985306,-0.583748102,0.328481287,2.779187441,0.440417677,0.312498182,2.706980944,-0.646292806,0.3622742,2.75743103,0.481221616,0.345915914,2.695050478,-0.043769609,0.12225794,2.964881182,-0.046866871,0.059104193,2.904055834,-0.125520363,-0.019740304,2.887531996,0.033893496,-0.02124838,2.889925003,-0.162049308,-0.467553496,2.833174944,0.075879768,-0.46728304,2.82026577,-0.151611328,-0.878925145,2.870591164,0.087808035,-0.877681136,2.859926224,-0.170098394,-0.97147125,2.832125664,0.130678117,-0.976610482,2.796159744
32,313482016,-0.036066022,0.702031195,2.908306122,-0.052555811,0.499439359,2.974871635,-0.228049919,0.421677589,3.001164198,0.131308198,0.38607192,2.966362953,-0.423607767,0.251592696,2.946314812,0.284988105,0.202865109,2.933077097,-0.585536182,0.337985992,2.77840519,0.438987732,0.317256004,2.708159924,-0.64545846,0.368943512,2.757751703,0.479217708,0.352757096,2.696303844,-0.043695122,0.122842267,2.964877129,-0.046837404,0.059693467,2.904040575,-0.125572085,-0.019327901,2.887409449,0.033948045,-0.020853523,2.889952421,-0.162051812,-0.467554808,2.833170652,0.075778417,-0.467219681,2.820037127,-0.151729971,-0.878715515,2.870640755,0.087747239,-0.877662063,2.859722376,-0.170149788,-0.971561074,2.829591036,0.130721018,-0.97696805,2.795827389
33,313482019,-0.036356345,0.701071978,2.908635139,-0.052794695,0.499812126,2.975196838,-0.227524608,0.421312273,3.000679016,0.131533742,0.386476845,2.966174841,-0.425620049,0.255562901,2.944432497,0.284873724,0.203397363,2.933405399,-0.584990621,0.34624061,2.777014494,0.43734479,0.324482024,2.70721817,-0.64085263,0.386413574,2.752216816,0.483081162,0.373176038,2.690524817,-0.043716963,0.122830309,2.964865446,-0.046824414,0.059700578,2.904009104,-0.12553601,-0.019240044,2.887307167,0.034002598,-0.020841362,2.889881134,-0.162119791,-0.467470258,2.83289361,0.076013468,-0.466985852,2.819770575,-0.151721448,-0.878555357,2.870069027,0.087960131,-0.877543271,2.859835386,-0.168718442,-0.969548941,2.823400736,0.130717084,-0.976899445,2.795695782
34,313482023,-0.035874926,0.702484369,2.908991337,-0.05260589,0.500664055,2.975404978,-0.227908701,0.422454238,3.00098753,0.131314218,0.388156235,2.965873003,-0.425787985,0.265716374,2.941968441,0.283789933,0.20479548,2.933221579,-0.587224543,0.361130536,2.770942688,0.434922308,0.329639196,2.709296465,-0.642581582,0.395610958,2.74902916,0.484956026,0.382700175,2.692974091,-0.043724973,0.12400879,2.964873314,-0.046981163,0.06094718,2.903968811,-0.125804275,-0.018155053,2.887308359,0.033833962,-0.019443782,2.889630079,-0.162145555,-0.467525005,2.832726955,0.075653233,-0.467259437,2.819094658,-0.151626527,-0.879066467,2.869660139,0.088384211,-0.877041101,2.859751463,-0.167782262,-0.969252646,2.821908712,0.130773023,-0.976915121,2.795315742
35,313482026,-0.036265753,0.705952168,2.913215399,-0.052320376,0.501290321,2.975449324,-0.228895143,0.424449354,3.002114773,0.131752372,0.388498425,2.965422392,-0.428951561,0.272193074,2.936812639,0.286827266,0.207822874,2.931475639,-0.587211668,0.368806303,2.768779039,0.433252841,0.341746569,2.706236362,-0.642929137,0.404892564,2.745407581,0.482114077,0.391294956,2.687780619,-0.0438639,0.125467986,2.9649086,-0.047440521,0.062630057,2.904007435,-0.126753658,-0.016746037,2.887373924,0.03362697,-0.018508699,2.889474154,-0.162182391,-0.467256784,2.832628965,0.075730242,-0.466866434,2.818606615,-0.151893988,-0.879474163,2.869427919,0.088362254,-0.877250433,2.85919404,-0.168918192,-0.970072269,2.823308706,0.131540999,-0.977863252,2.796682596
36,313482029,-0.036472466,0.706307411,2.913045645,-0.052369457,0.501580119,2.975575447,-0.228802532,0.424415082,3.002082109,0.131880984,0.388723522,2.964404345,-0.429919064,0.277943611,2.932228565,0.321306646,0.253630698,2.886547565,-0.587997317,0.379149914,2.764427662,0.438297689,0.359804869,2.694320202,-0.645986795,0.416731536,2.73794961,0.480484247,0.419989318,2.686993837,-0.043781228,0.125502646,2.964896917,-0.047502711,0.0626425,2.903994322,-0.126826778,-0.016683657,2.887387514,0.033508442,-0.018486556,2.8893888,-0.161794364,-0.467736542,2.832587719,0.075694025,-0.466645837,2.818329334,-0.151648223,-0.879549682,2.869496346,0.088576153,-0.87711525,2.858922482,-0.168136448,-0.969741106,2.82240963,0.131477743,-0.977880478,2.796676397
37,313482033,-0.034573205,0.705850482,2.912689447,-0.052301966,0.501709163,2.975628138,-0.228150189,0.424131721,3.001565933,0.132771716,0.389603674,2.96347785,-0.431793034,0.283424348,2.928487301,0.321660042,0.25447166,2.884932041,-0.587193966,0.387220681,2.758332729,0.434771389,0.368784547,2.695611238,-0.644313812,0.427337825,2.728247404,0.479373872,0.422283232,2.686263084,-0.043674413,0.12561129,2.964936495,-0.047487538,0.062729158,2.904031754,-0.126868397,-0.01648855,2.887523651,0.033550929,-0.01841628,2.889377117,-0.161911547,-0.467595816,2.832257748,0.075578362,-0.466861725,2.818024635,-0.151657164,-0.879534304,2.869484663,0.088328607,-0.87680465,2.859563828,-0.168555126,-0.969863594,2.821997643,0.132618159,-0.978345931,2.79918313
38,313482036,-0.034883276,0.705596924,2.912596703,-0.052137114,0.50192523,2.9757061,-0.227706239,0.423957646,3.001172543,0.133324906,0.390076339,2.962720156,-0.430898875,0.290691793,2.925772429,0.324157774,0.260275602,2.879038334,-0.58664757,0.397970915,2.753450394,0.431442857,0.388421237,2.696121693,-0.64472878,0.43583256,2.72493124,0.473266661,0.443968147,2.680403709,-0.043715149,0.125939459,2.96501255,-0.047652282,0.063078389,2.904111385,-0.127371356,-0.015885534,2.888003349,0.0334277,-0.018070206,2.889202118,-0.161561668,-0.466520458,2.83139658,0.07563132,-0.467189938,2.817719221,-0.151463196,-0.877870321,2.870438814,0.0888578,-0.876560569,2.860588551,-0.168205321,-0.969404519,2.821434975,0.132114753,-0.978230596,2.799341202
39,313482040,-0.034876548,0.705579758,2.912603855,-0.052000433,0.502229571,2.975873709,-0.227519155,0.423623502,3.000717163,0.133872926,0.390566558,2.962282181,-0.431485027,0.296558052,2.920317173,0.327106863,0.267569393,2.872914076,-0.587753892,0.410008043,2.745942593,0.429501474,0.403278232,2.693304777,-0.647393167,0.446415782,2.720391035,0.472250223,0.45004636,2.679039478,-0.043729693,0.126339301,2.965074539,-0.047703966,0.063498467,2.904150248,-0.127505794,-0.015550268,2.888116598,0.033420388,-0.017645387,2.889053106,-0.161565438,-0.466500372,2.831335545,0.075645678,-0.467572033,2.81738019,-0.151504532,-0.877894521,2.87043643,0.088867664,-0.876581669,2.860404253,-0.167752981,-0.969477952,2.821282148,0.132044658,-0.977814496,2.798377275
40,313482043,-0.035155758,0.705535531,2.912739754,-0.052139413,0.502552629,2.976120472,-0.228428856,0.425471514,3.001203775,0.134322554,0.390920341,2.961844206,-0.434385002,0.302268714,2.916408539,0.329885304,0.27568996,2.866243601,-0.587795734,0.418555111,2.741532326,0.432914317,0.410730898,2.686913967,-0.651015282,0.462180316,2.709074497,0.466365039,0.461063772,2.675775528,-0.044079203,0.127922818,2.965497017,-0.048169285,0.065408126,2.904595613,-0.128291354,-0.013686382,2.88882041,0.03331513,-0.016880855,2.888971329,-0.161558539,-0.466448426,2.831333399,0.07557153,-0.46763429,2.817192078,-0.151406005,-0.877914667,2.870332956,0.088390566,-0.875061274,2.860648632,-0.167333066,-0.969101667,2.820225716,0.131820709,-0.977643192,2.797508955
41,313482046,-0.034739897,0.707247734,2.915174723,-0.052080188,0.502892613,2.976293802,-0.228501558,0.425750047,3.001114607,0.135329753,0.392874718,2.960495949,-0.432666868,0.310289949,2.91358161,0.331072867,0.279274702,2.86370635,-0.589673638,0.437214851,2.729833364,0.428062171,0.449180216,2.672965765,-0.648423076,0.470187575,2.705455303,0.462351561,0.467429489,2.673205137,-0.04387119,0.128580138,2.965554714,-0.048173662,0.066117585,2.904644728,-0.128383309,-0.013229069,2.888943434,0.033400752,-0.016212163,2.888758659,-0.161657602,-0.466176003,2.830899715,0.075557277,-0.467890739,2.817132473,-0.151419446,-0.879026532,2.869569302,0.08827465,-0.876379311,2.860568285,-0.169113904,-0.971015453,2.820017576,0.133708879,-0.979522705,2.801059008
42,313482050,-0.035396766,0.706877947,2.914791107,-0.051765852,0.503443837,2.976886511,-0.228063047,0.425265789,3.000311136,0.135443047,0.393043429,2.959952116,-0.432053089,0.314444721,2.912207603,0.332553118,0.284096301,2.860622644,-0.588430583,0.441803575,2.726745367,0.425816357,0.445149302,2.677774906,-0.645088315,0.482248068,2.700642824,0.466284931,0.500650287,2.672524452,-0.043867409,0.128663704,2.96556282,-0.048166208,0.066215411,2.904622555,-0.12837556,-0.013179248,2.889017582,0.033324465,-0.015601438,2.888211012,-0.161407799,-0.466060221,2.830616951,0.075571068,-0.467925429,2.81704092,-0.151493341,-0.87904644,2.869421959,0.088243417,-0.876194119,2.860309839,-0.169021145,-0.970868289,2.81996274,0.13321428,-0.979091108,2.798711061
43,313482053,-0.035460092,0.709425628,2.915719271,-0.051979072,0.504497766,2.977361917,-0.228185222,0.425925106,3.000203133,0.136603937,0.393842518,2.959213972,-0.432920545,0.320361614,2.909755468,0.335126519,0.288883269,2.858875036,-0.584897935,0.445899874,2.724690914,0.420407325,0.439821124,2.684585571,-0.649238706,0.501432717,2.693648577,0.463956565,0.504205406,2.671206713,-0.043920428,0.130272895,2.965799332,-0.04825503,0.067934513,2.904799461,-0.128597021,-0.012054668,2.889305353,0.033473101,-0.014295008,2.887963295,-0.161261395,-0.465883851,2.830656767,0.075552538,-0.467785448,2.816843033,-0.151433259,-0.879291296,2.868820429,0.088094003,-0.875995815,2.859906912,-0.168395311,-0.969533801,2.818226337,0.132985532,-0.97903955,2.798315763
44,313482057,-0.036693625,0.706038833,2.918006897,-0.051859304,0.504580557,2.977321148,-0.228198051,0.426256508,3.000006199,0.137597874,0.394556552,2.958545208,-0.432281792,0.325568378,2.908785343,0.337518692,0.293098032,2.858122587,-0.58175993,0.465764165,2.720416546,0.424747378,0.4617863,2.683886766,-0.637494802,0.512221336,2.69321847,0.47690779,0.547350526,2.668022156,-0.043835059,0.130832404,2.965723753,-0.048270781,0.068648651,2.904723167,-0.128761441,-0.011244701,2.889296055,0.033486493,-0.014011207,2.887813091,-0.161357209,-0.465725452,2.830397606,0.07526242,-0.468424916,2.816351891,-0.151352525,-0.879220903,2.868615627,0.088129625,-0.876514912,2.859639645,-0.168408424,-0.969549417,2.818211555,0.132585824,-0.980604887,2.804608107
45,313482060,-0.036084596,0.706466973,2.919951677,-0.051859073,0.504625082,2.977297306,-0.227699488,0.426639318,2.999448538,0.139048114,0.395613641,2.958301306,-0.432694286,0.33026886,2.907896996,0.338832319,0.295342445,2.856927872,-0.583470225,0.482892215,2.715326309,0.424200982,0.462704718,2.684522152,-0.635950446,0.522274792,2.692681789,0.474070787,0.549063921,2.669753551,-0.043733776,0.131378055,2.965746164,-0.048076741,0.069328047,2.904761791,-0.128639773,-0.010784106,2.889458179,0.033841088,-0.013282349,2.887654781,-0.161290526,-0.465025991,2.830098867,0.07515762,-0.468201011,2.816036463,-0.151312143,-0.878938198,2.868586779,0.088395864,-0.876403809,2.85901165,-0.166531444,-0.96769768,2.820063829,0.131786659,-0.97949034,2.799962997
46,313482064,-0.035294466,0.70687747,2.919466496,-0.051271249,0.505939662,2.977368116,-0.227317229,0.427421182,2.998815775,0.140056059,0.396407962,2.95779562,-0.438659132,0.347507745,2.90112114,0.341302931,0.302481622,2.853060007,-0.581587791,0.493995726,2.716846466,0.425301343,0.474026889,2.684086084,-0.630874634,0.5400455,2.693362951,0.468944252,0.552559733,2.669211149,-0.043491066,0.13201119,2.965626478,-0.047857925,0.069828473,2.904619217,-0.128547519,-0.010457334,2.889439583,0.034136884,-0.012797833,2.887279987,-0.161169395,-0.465912104,2.830105066,0.075132839,-0.469055533,2.815527201,-0.151299447,-0.879400671,2.868702888,0.088431433,-0.876807988,2.859276295,-0.170655385,-0.970233679,2.81738472,0.131848946,-0.979192793,2.799813747
47,313482067,-0.03556918,0.708167613,2.920130253,-0.051223785,0.506480992,2.977481842,-0.227632403,0.428671151,2.999107838,0.142180964,0.39826107,2.957592964,-0.440505296,0.35176301,2.899540663,0.343374014,0.307307005,2.850131989,-0.584628105,0.515942395,2.71368885,0.424364567,0.478096902,2.684489012,-0.632425964,0.566671252,2.692130566,0.463570356,0.561032891,2.669396639,-0.042732578,0.13424769,2.965781689,-0.046949383,0.072494596,2.904769421,-0.127998412,-0.008223033,2.889436245,0.035413519,-0.011294663,2.887222528,-0.161096498,-0.466140002,2.829915285,0.075237088,-0.469221771,2.81518054,-0.151325643,-0.879464507,2.868657351,0.088452384,-0.878065646,2.859270334,-0.171551704,-0.97117281,2.814996004,0.131950527,-0.979069173,2.799104691
48,313482070,-0.035561956,0.708765686,2.919790745,-0.05123616,0.506982028,2.977687836,-0.227492183,0.428854942,2.998997927,0.142862916,0.399371445,2.95737505,-0.442382693,0.360170305,2.897057772,0.344220579,0.311698943,2.8475492,-0.580600441,0.519930243,2.714042425,0.423046708,0.483110905,2.685886145,-0.628847361,0.572854519,2.692232847,0.457951784,0.567142844,2.670015812,-0.042551354,0.134881377,2.965825558,-0.046773866,0.073130868,2.90478158,-0.127796918,-0.00741649,2.889621496,0.035697803,-0.010730364,2.886980295,-0.160244524,-0.465360582,2.829991341,0.075157605,-0.469403505,2.814977884,-0.151369229,-0.879287362,2.86871624,0.089003429,-0.878590941,2.858718157,-0.168373793,-0.967070222,2.817686796,0.131906971,-0.978302598,2.795674562
49,313482073,-0.035748083,0.708094835,2.919484377,-0.051090725,0.507304609,2.977872133,-0.226972148,0.429212689,2.998523712,0.143831283,0.401725143,2.957307339,-0.445756555,0.36670658,2.894538879,0.344222993,0.313368112,2.846669197,-0.578519166,0.528998315,2.713026762,0.423209131,0.495320618,2.683820009,-0.625329018,0.582903266,2.690697193,0.454107463,0.578279018,2.668674469,-0.042381324,0.135369554,2.965765953,-0.046591602,0.0736745,2.904671192,-0.127619237,-0.00693413,2.889554024,0.035959851,-0.009879619,2.886622667,-0.160182804,-0.465469211,2.829997063,0.075182803,-0.46936053,2.814733267,-0.151309043,-0.879092157,2.868496656,0.088959552,-0.87869972,2.858733177,-0.170524701,-0.967854202,2.819629431,0.132166728,-0.978531897,2.795815229
50,313482076,-0.036042862,0.706927478,2.919375181,-0.051091135,0.507342458,2.977879286,-0.227737352,0.430310339,2.998934984,0.143996656,0.402673364,2.956822157,-0.446292788,0.364720047,2.899178743,0.34532246,0.331689805,2.833462715,-0.57703048,0.536165833,2.712601185,0.422361016,0.508715868,2.678227901,-0.623565376,0.594396055,2.689057589,0.451134503,0.583550632,2.667388916,-0.042193316,0.136004031,2.965626001,-0.046481878,0.074516065,2.904496193,-0.127632767,-0.006510284,2.889634132,0.036338475,-0.008962103,2.885813475,-0.15978542,-0.465323508,2.830273867,0.075344749,-0.469196349,2.8145926,-0.151514187,-0.878666759,2.868116617,0.089313328,-0.879664898,2.859081268,-0.170490369,-0.967815936,2.81963706,0.126236543,-0.978012264,2.802048206
51,313482079,-0.036309741,0.706879497,2.919105768,-0.05099532,0.507450044,2.977881432,-0.228687122,0.432171345,2.999521494,0.144265726,0.404001385,2.9564116,-0.447735131,0.366377443,2.901454926,0.345018029,0.334919035,2.831144333,-0.564807594,0.533516884,2.723944187,0.421780407,0.508765519,2.678693771,-0.622907281,0.614254236,2.688802958,0.451479793,0.599709392,2.672288895,-0.041987617,0.13699168,2.965448141,-0.046406835,0.075789332,2.904289007,-0.127613485,-0.005736594,2.889730215,0.036404669,-0.007833419,2.885036469,-0.15946503,-0.465004206,2.830246449,0.075332761,-0.46911177,2.814430237,-0.151524037,-0.878672361,2.867943525,0.089320935,-0.879638493,2.859078407,-0.170861751,-0.967676818,2.819685459,0.126948014,-0.977587998,2.79972434
52,313482083,-0.036335025,0.706871808,2.919080734,-0.049975999,0.508348107,2.978409529,-0.228254274,0.432491988,2.998935938,0.145335332,0.404767454,2.956135988,-0.446310163,0.373810649,2.906348467,0.345380127,0.337540627,2.828805923,-0.554015636,0.530837595,2.734968185,0.421486646,0.510656834,2.678033113,-0.618856072,0.623054028,2.690301895,0.448959053,0.602109194,2.670552731,-0.041634902,0.137575984,2.965382338,-0.046100941,0.076371208,2.904161453,-0.127487779,-0.005244896,2.88964057,0.036752261,-0.007329016,2.884688377,-0.159400761,-0.465046644,2.830055475,0.075339518,-0.469170958,2.814236403,-0.151530966,-0.878717899,2.867909193,0.089415252,-0.879840672,2.858954668,-0.171595365,-0.968577921,2.822391272,0.127824992,-0.97765398,2.798727512
53,313482087,-0.037586827,0.707761407,2.919723511,-0.050255839,0.508584619,2.978307962,-0.228983536,0.433324277,2.99863863,0.145428151,0.405448526,2.955580235,-0.446087599,0.378682166,2.90631032,0.345449358,0.339991391,2.827709436,-0.550988495,0.532042265,2.73810482,0.419816762,0.519519329,2.678115368,-0.611954927,0.628670633,2.688646793,0.447933853,0.606087685,2.669534922,-0.041668147,0.138307005,2.965238571,-0.046088021,0.077216722,2.904015541,-0.12753807,-0.004591402,2.889699936,0.036995914,-0.00675435,2.884263754,-0.158986986,-0.46481654,2.829982281,0.075323246,-0.468809396,2.814023972,-0.151620626,-0.878686845,2.868000031,0.089606568,-0.879345775,2.858612299,-0.170395151,-0.968616307,2.82133913,0.128084928,-0.97759819,2.798282862
54,313482089,-0.036347419,0.711118817,2.919501781,-0.05018441,0.509472728,2.978399754,-0.229022935,0.433626324,2.998235464,0.145670533,0.405719995,2.955147982,-0.447575092,0.38583988,2.903024673,0.345649213,0.343699366,2.825671673,-0.547928512,0.53510648,2.740214825,0.420329392,0.530632079,2.677776814,-0.608085871,0.648606777,2.69033432,0.445872724,0.615156591,2.668388844,-0.041661769,0.138747677,2.965128899,-0.046093274,0.077565119,2.903889894,-0.127596051,-0.004435562,2.889729261,0.037069697,-0.006251461,2.883747339,-0.158647001,-0.464874864,2.829965353,0.076007232,-0.468342334,2.81372118,-0.15167062,-0.878544509,2.868194342,0.089615792,-0.879431248,2.85845685,-0.171109259,-0.970060349,2.82303834,0.128913701,-0.977537632,2.797154903
55,313482093,-0.035758883,0.713050663,2.921601295,-0.049496818,0.509931684,2.978242159,-0.229498908,0.434456378,2.99804306,0.146086887,0.406021357,2.953642845,-0.449245095,0.393031359,2.904668093,0.3465994,0.348195672,2.823396444,-0.565882325,0.61910367,2.705703497,0.419711739,0.527137041,2.680179358,-0.604345918,0.657109261,2.689754725,0.444803417,0.628309488,2.667385101,-0.041396268,0.139387563,2.965000629,-0.046085071,0.078235105,2.90378046,-0.127842411,-0.00404765,2.889849901,0.037134126,-0.00572253,2.883329153,-0.158287868,-0.46457082,2.829879761,0.07582695,-0.468063921,2.813528061,-0.15166463,-0.878491044,2.868135452,0.089694373,-0.879476547,2.858412981,-0.170157611,-0.969002664,2.82185626,0.128815934,-0.97769165,2.797362566
56,313482096,-0.035976782,0.713347733,2.92130208,-0.050116915,0.510070503,2.978378773,-0.2298408,0.434919447,2.997878551,0.146009013,0.406609476,2.953069687,-0.452576518,0.399163723,2.904560328,0.346401304,0.351524532,2.821694613,-0.540824831,0.5581339,2.746036291,0.421059579,0.602089763,2.661557436,-0.601423919,0.664801002,2.689942837,0.442035854,0.642217755,2.668007851,-0.041489724,0.139522716,2.964988232,-0.046183828,0.07836134,2.903763056,-0.127880663,-0.00403425,2.889894247,0.037050661,-0.00549347,2.883116007,-0.158243552,-0.464581102,2.829896688,0.075958416,-0.466819674,2.813081503,-0.151515335,-0.878912032,2.868292093,0.089747421,-0.879617274,2.858326674,-0.169932812,-0.969063044,2.821824789,0.128505766,-0.9772861,2.798561811
57,313482099,-0.034994707,0.714088619,2.923625708,-0.04996926,0.509965301,2.978011847,-0.230471879,0.436409324,2.997912884,0.146535203,0.4066194,2.952078104,-0.452082962,0.405800104,2.900329351,0.347927511,0.3576051,2.820218325,-0.562509775,0.629792452,2.705543518,0.418471932,0.541954637,2.684397221,-0.598309934,0.670922339,2.689908504,0.441828191,0.647721291,2.666894674,-0.041411854,0.140070394,2.964796066,-0.04623308,0.079125546,2.903603792,-0.128079906,-0.003570217,2.889989853,0.037092123,-0.005112457,2.882754326,-0.158230469,-0.464565963,2.829931259,0.075925156,-0.466840655,2.81305027,-0.151499242,-0.87912941,2.868092775,0.089482933,-0.880078077,2.859177351,-0.169364393,-0.968983591,2.819627285,0.129314527,-0.977875352,2.798195362
58,313482103,-0.036248025,0.713914216,2.924580812,-0.050390538,0.510353208,2.978173018,-0.230855227,0.43734321,2.998072863,0.146946535,0.408468872,2.951034546,-0.453090072,0.408623874,2.896852016,0.360741675,0.349888682,2.818059206,-0.561726809,0.630746186,2.70550251,0.417241365,0.619901896,2.6666224,-0.597163498,0.678968906,2.688180685,0.439515412,0.666868508,2.670194626,-0.041515987,0.14076142,2.964869499,-0.046473864,0.07983952,2.903679132,-0.128360942,-0.003185346,2.890441179,0.036994573,-0.004322623,2.882251501,-0.158217698,-0.464517176,2.829957485,0.075695455,-0.46717447,2.812967062,-0.151695684,-0.878717303,2.867556095,0.089445069,-0.880130708,2.859162331,-0.171283782,-0.971033573,2.823232174,0.130710065,-0.978681922,2.80029726
59,313482107,-0.036457818,0.71220839,2.924748421,-0.050275825,0.510639131,2.9783113,-0.231051743,0.437838137,2.99780798,0.147326171,0.408763468,2.950086355,-0.454428285,0.412366211,2.891321421,0.349672616,0.387646556,2.811839104,-0.557264209,0.63639158,2.706317425,0.41723299,0.619898319,2.666551352,-0.590299547,0.690258026,2.688734531,0.43831265,0.677084088,2.669270277,-0.041464452,0.141240597,2.964837551,-0.046533398,0.08036276,2.903622627,-0.128582701,-0.002617028,2.890434742,0.03699727,-0.004103257,2.882079124,-0.158261225,-0.464633405,2.829914808,0.075582795,-0.467152834,2.81292367,-0.151733339,-0.878453314,2.867647409,0.089492746,-0.880727768,2.859110594,-0.171822965,-0.97081989,2.822675228,0.131393805,-0.979190707,2.799442768
60,313482110,-0.036785979,0.711917698,2.925209045,-0.050285645,0.510640383,2.978316307,-0.231602401,0.438602269,2.997382402,0.147279501,0.408795029,2.94887948,-0.454657733,0.423772693,2.89121294,0.367827296,0.398011357,2.79130125,-0.555089176,0.639121532,2.707062006,0.416122139,0.621669412,2.666773081,-0.588122368,0.696797013,2.688685894,0.436489344,0.687262237,2.669873953,-0.041488033,0.14137128,2.964758635,-0.046658549,0.080541596,2.903529644,-0.12877363,-0.002458681,2.890452862,0.036875296,-0.004021978,2.881710529,-0.158207417,-0.464185745,2.829779148,0.075398587,-0.467248321,2.812941313,-0.152048022,-0.878603578,2.867330313,0.089654885,-0.880776048,2.859342337,-0.170658365,-0.970361114,2.820894718,0.132623881,-0.98012352,2.803495169
61,313482113,-0.037864879,0.712506056,2.924827814,-0.050024882,0.511315405,2.978811502,-0.232019573,0.439188957,2.996997833,0.147340328,0.409173667,2.947476387,-0.45482415,0.425448924,2.890984058,0.369201362,0.378837585,2.792304754,-0.552146316,0.643699467,2.708373308,0.414408267,0.624074221,2.666737556,-0.585083127,0.703946352,2.689319372,0.433428407,0.694161236,2.671571255,-0.041562088,0.141864851,2.964673281,-0.046940405,0.081108488,2.903376102,-0.129463911,-0.001685696,2.890493631,0.03664596,-0.003703234,2.88108182,-0.157965407,-0.464037359,2.83007884,0.075378641,-0.467144758,2.812827587,-0.1519541,-0.878430426,2.867524862,0.089620985,-0.880726933,2.85940671,-0.171412975,-0.971326709,2.822969198,0.132400587,-0.97908318,2.797973156
62,313482116,-0.037612092,0.712441564,2.924780607,-0.049528372,0.511738718,2.979214191,-0.232168615,0.443873942,2.996228218,0.147342354,0.408028156,2.944000959,-0.456101656,0.43015641,2.889181852,0.370772272,0.384060144,2.789684296,-0.548820913,0.647808373,2.710901737,0.412897736,0.63489759,2.668932915,-0.584226906,0.713275194,2.688855171,0.436156929,0.723366916,2.671602726,-0.041433539,0.142177597,2.964613914,-0.047093388,0.081495434,2.903285503,-0.129775375,-0.001260341,2.890494108,0.036399804,-0.003426498,2.880683661,-0.157988653,-0.463398993,2.830049992,0.075207368,-0.466988385,2.812756062,-0.151989564,-0.87843132,2.867512465,0.089612938,-0.880691886,2.859364271,-0.171532482,-0.971339166,2.823071957,0.132498935,-0.978939056,2.796791792
63,313482120,-0.03759823,0.712354779,2.924876451,-0.049150616,0.512528479,2.979601145,-0.231842637,0.444821775,2.995779514,0.147862196,0.408360541,2.942195892,-0.459233344,0.447642386,2.882441759,0.370960593,0.385240585,2.790614605,-0.546032846,0.653061688,2.711874723,0.411738962,0.642327607,2.667725325,-0.58124423,0.72724849,2.688965797,0.434389144,0.724054039,2.669903278,-0.041336726,0.14227879,2.964537382,-0.047199555,0.081586957,2.903191328,-0.129945725,-0.001161643,2.89041996,0.03616409,-0.00337029,2.880372286,-0.157779828,-0.463213563,2.829957724,0.0750034,-0.467382848,2.812686205,-0.151985213,-0.878117561,2.867745161,0.089491218,-0.880449891,2.859168768,-0.169498861,-0.969715595,2.820366621,0.132440537,-0.978941143,2.797033548
64,313482123,-0.037462421,0.713642061,2.925231934,-0.048729151,0.513266742,2.979997158,-0.231758207,0.447194129,2.995240688,0.148614228,0.408604205,2.939521074,-0.45545885,0.460491002,2.880741596,0.370584488,0.386522174,2.793133259,-0.543085754,0.660512745,2.712880611,0.410975039,0.646675229,2.668523788,-0.579900503,0.736834288,2.688572168,0.43270275,0.724732637,2.669451714,-0.041245148,0.143292323,2.964381456,-0.047442775,0.082734108,2.902952671,-0.130617082,0.000349149,2.890471697,0.036006615,-0.002823598,2.879606009,-0.157789469,-0.463187665,2.829950094,0.074856974,-0.467760324,2.812459707,-0.151966617,-0.878823638,2.867558479,0.089496426,-0.88042897,2.859143257,-0.171256036,-0.969816446,2.81921196,0.132460386,-0.978981793,2.796938896
65,313482127,-0.038099881,0.71134901,2.924237728,-0.048614673,0.513335645,2.97981739,-0.231572002,0.448793352,2.995092392,0.148640126,0.408638149,2.938790083,-0.454791039,0.461246729,2.880664587,0.370683014,0.389388502,2.793759823,-0.536979318,0.66602993,2.715768576,0.410113394,0.648742557,2.668464899,-0.57610029,0.743417323,2.689617395,0.430302918,0.727550805,2.667639971,-0.041286618,0.143488288,2.964187145,-0.047569115,0.082947917,2.902755976,-0.13074933,0.00045333,2.890478373,0.035771832,-0.00257911,2.878979445,-0.157548159,-0.4634431,2.829955339,0.074856378,-0.468195289,2.812339783,-0.151903257,-0.879447103,2.866984844,0.089836657,-0.879607141,2.858546495,-0.170407385,-0.970763326,2.820657969,0.132437572,-0.978976548,2.79689908
66,313482130,-0.037490163,0.711064577,2.924068213,-0.048650827,0.512868762,2.979657888,-0.231439754,0.449143976,2.994648695,0.148678184,0.409893453,2.937205315,-0.454546571,0.462293684,2.887191534,0.369460046,0.396040916,2.791740179,-0.534173846,0.669406414,2.718127966,0.409250557,0.659305215,2.666255713,-0.573473811,0.746706307,2.691344023,0.427990437,0.733481169,2.665602207,-0.041048925,0.143661708,2.963980913,-0.047468804,0.083309792,2.902509212,-0.130621523,0.000836487,2.890400648,0.035960853,-0.002210986,2.878341198,-0.1574689,-0.463380009,2.829766035,0.074810192,-0.468167394,2.812161207,-0.151824296,-0.879601598,2.867467165,0.089852713,-0.879711628,2.858450174,-0.171236977,-0.971385121,2.814319372,0.132318154,-0.978793025,2.79660368
67,313482133,-0.037492439,0.711459994,2.924343824,-0.048617996,0.512872756,2.979577303,-0.230874747,0.449455202,2.994005919,0.14876385,0.410122156,2.9358778,-0.455006987,0.464712739,2.885956287,0.370345712,0.401961863,2.793634176,-0.532237709,0.673075259,2.719380617,0.406867564,0.666965127,2.665553331,-0.568576932,0.75406754,2.69397521,0.422292501,0.741647601,2.663879156,-0.04097518,0.143724695,2.963742733,-0.047509398,0.083387494,2.90225935,-0.130627826,0.000891123,2.890348434,0.035809454,-0.002074037,2.877685785,-0.157356456,-0.463083297,2.829611778,0.0746326,-0.468569934,2.811898947,-0.151991159,-0.879369497,2.867418289,0.089911327,-0.879476368,2.858172894,-0.171596006,-0.971958041,2.816174984,0.132433087,-0.979990244,2.802206278
68,313482136,-0.036766823,0.711912453,2.923653841,-0.048296478,0.513258576,2.979401112,-0.230365366,0.449748367,2.993317366,0.149089605,0.41067031,2.935208321,-0.441990733,0.485263139,2.882784843,0.368985683,0.417439103,2.798722506,-0.529621661,0.679457068,2.719608784,0.405673236,0.669423282,2.665451288,-0.565374374,0.75648427,2.693665028,0.421818435,0.754814088,2.662715673,-0.040857747,0.143868163,2.963457584,-0.047432262,0.083480813,2.901960373,-0.130585134,0.000914785,2.890207767,0.035864193,-0.001890718,2.877189159,-0.157308489,-0.463129729,2.829600573,0.07480678,-0.468746275,2.811804295,-0.151917383,-0.879557312,2.867463589,0.089737751,-0.879398525,2.858169317,-0.171058476,-0.971417785,2.816655159,0.132854193,-0.980089664,2.803009033
69,313482139,-0.035149198,0.711247921,2.923134327,-0.048215054,0.513377726,2.97941947,-0.229404151,0.450264215,2.992150545,0.149656534,0.41122365,2.93398428,-0.443712771,0.484630704,2.881510496,0.366584182,0.428693593,2.791611195,-0.527564049,0.685085297,2.720368624,0.405110568,0.671728611,2.666566133,-0.559017062,0.766424537,2.693391085,0.423933268,0.763817787,2.663778067,-0.040801175,0.14414227,2.963063002,-0.047404189,0.083849192,2.90145278,-0.130565286,0.001360213,2.889819384,0.035867412,-0.001473312,2.876200676,-0.15702866,-0.462297201,2.829205036,0.074827984,-0.468715101,2.811760902,-0.151919901,-0.879622817,2.867427826,0.089498073,-0.879081368,2.858071089,-0.17124176,-0.970252573,2.812665462,0.132730827,-0.980132937,2.801104307
70,313482142,-0.035086002,0.71078831,2.923326015,-0.047949936,0.513392746,2.979305506,-0.228886411,0.449787766,2.990721226,0.149949312,0.411668956,2.932687283,-0.444280684,0.485234559,2.880162477,0.36649859,0.430720091,2.791669846,-0.525110126,0.688453794,2.721641779,0.404693097,0.674661219,2.666879654,-0.556798875,0.769929469,2.694294214,0.423830122,0.766541362,2.663417578,-0.040706161,0.144034162,2.962603569,-0.047362618,0.083736263,2.900896549,-0.130561158,0.001280186,2.889570236,0.035825159,-0.001626912,2.875067711,-0.156719431,-0.461945713,2.828585148,0.074875832,-0.468823701,2.811769962,-0.151889473,-0.879747152,2.867455482,0.090032756,-0.878854156,2.857440472,-0.173012108,-0.972717464,2.814063072,0.132580906,-0.98005712,2.799739361
71,313482146,-0.035239525,0.711237669,2.922277451,-0.048081525,0.513813853,2.979059219,-0.228813544,0.449956894,2.989861012,0.149869651,0.411926031,2.93149066,-0.446597755,0.486166954,2.879310131,0.367051691,0.432962209,2.787763357,-0.523883939,0.696467996,2.722810507,0.404127896,0.675892055,2.667198896,-0.549422622,0.780734718,2.698733568,0.422210217,0.768491745,2.662775993,-0.040830858,0.144166082,2.962123394,-0.047548391,0.083810225,2.900383234,-0.130767614,0.001304226,2.889086723,0.035674002,-0.001495873,2.874576807,-0.156481847,-0.461858749,2.828448772,0.074957669,-0.468757868,2.811424017,-0.151825771,-0.879877925,2.867434025,0.089882143,-0.878648996,2.857533932,-0.171962604,-0.97210747,2.814559221,0.13209264,-0.97962147,2.799233913
72,313482149,-0.034328032,0.713117182,2.921872139,-0.048000917,0.513919771,2.979017258,-0.228449807,0.45018059,2.989025116,0.150117338,0.412432581,2.930776596,-0.446094275,0.512538254,2.87437582,0.36982429,0.44128409,2.781625032,-0.524671912,0.714588523,2.726558924,0.403839052,0.678469598,2.667451859,-0.559770882,0.809912205,2.707472563,0.420665026,0.774399161,2.658360958,-0.040793039,0.144342691,2.961820364,-0.047514759,0.084025741,2.900033951,-0.130714178,0.001620142,2.888792038,0.035666045,-0.00134373,2.874070168,-0.156319991,-0.461723834,2.828417778,0.075006798,-0.468664795,2.811331511,-0.15154779,-0.880628049,2.868501186,0.089287534,-0.879175663,2.858326674,-0.170067295,-0.970915735,2.816414833,0.131925538,-0.979660928,2.799470901
73,313482153,-0.034568954,0.713448286,2.92269206,-0.04795593,0.51400739,2.978811741,-0.228409946,0.450434983,2.988493681,0.150341302,0.412896991,2.929667473,-0.450920641,0.531443298,2.862530708,0.369684517,0.448239237,2.778321743,-0.524228096,0.717505217,2.726908445,0.403388083,0.689177155,2.667369366,-0.556081355,0.809469938,2.705181599,0.419197917,0.782211661,2.658021212,-0.040703408,0.144660294,2.961433887,-0.047511961,0.08440122,2.899652481,-0.130698875,0.001796282,2.888700247,0.035635561,-0.000912639,2.873290777,-0.155931145,-0.461170435,2.828356743,0.075517058,-0.467719704,2.811100483,-0.151550576,-0.879586935,2.868887186,0.089862213,-0.875970006,2.857223749,-0.168659419,-0.969965458,2.816544056,0.132102966,-0.979292929,2.798386097
74,313482156,-0.034784388,0.713210702,2.922984838,-0.047699507,0.514191806,2.978560209,-0.228214905,0.450998813,2.98780036,0.150336117,0.413351297,2.928770304,-0.451259315,0.535712421,2.862280607,0.369146317,0.451038718,2.777503252,-0.523630261,0.73181051,2.725810766,0.403090864,0.692239046,2.667844296,-0.556760609,0.818394244,2.705322027,0.418112516,0.785778582,2.658034563,-0.040568635,0.144874781,2.96090889,-0.047436301,0.084646612,2.899093628,-0.130619258,0.001923892,2.888362885,0.035608321,-0.000488003,2.872422934,-0.155698881,-0.461197078,2.828161716,0.075756997,-0.467143774,2.81107378,-0.151532561,-0.879295468,2.869058847,0.090091363,-0.876214147,2.85751915,-0.169839382,-0.970349252,2.817287445,0.132272348,-0.979115069,2.797979593
75,313482160,-0.035905007,0.714032412,2.924182177,-0.047603864,0.514280617,2.978580475,-0.227657169,0.452280343,2.986615896,0.150298983,0.413610965,2.928254128,-0.451272964,0.543989182,2.860481501,0.367821485,0.454406857,2.777971983,-0.52285707,0.734340906,2.727070332,0.402568251,0.69675529,2.667431355,-0.556963086,0.822221994,2.70401597,0.418313533,0.789873064,2.658178568,-0.040693782,0.145100996,2.960444212,-0.047487184,0.08501637,2.898459196,-0.130653039,0.002532668,2.887720585,0.035422951,-9.90E-05,2.871376276,-0.155490801,-0.460960835,2.827997684,0.075910129,-0.466697127,2.811003685,-0.151781514,-0.880163848,2.868420839,0.090026282,-0.87586236,2.857815027,-0.169310823,-0.969676852,2.816631556,0.132022649,-0.979035974,2.797618151
76,313482163,-0.035711329,0.714570165,2.924468756,-0.047430869,0.514546275,2.978350878,-0.227419585,0.454592049,2.986486912,0.1505045,0.414586663,2.927225828,-0.450319588,0.554789901,2.86165309,0.364649594,0.463866919,2.776810884,-0.522448719,0.740499139,2.727288485,0.401896,0.696326733,2.667400837,-0.554863691,0.825027764,2.701894045,0.418132335,0.793659091,2.658224821,-0.040559489,0.145577148,2.959956408,-0.047458548,0.08555007,2.897968054,-0.130601078,0.00281498,2.887597084,0.035336658,0.000521834,2.870349646,-0.155805081,-0.460929185,2.827727079,0.075921327,-0.467573583,2.810630322,-0.15171285,-0.880009413,2.869145155,0.089901142,-0.877109289,2.857287407,-0.170215189,-0.970068991,2.81855011,0.132181153,-0.979058206,2.797728062
77,313482166,-0.033885874,0.716141522,2.923256159,-0.046888463,0.515846968,2.977160215,-0.22701329,0.457000911,2.985536575,0.150846109,0.415418804,2.925606728,-0.450608075,0.558300376,2.860234976,0.362632573,0.481889069,2.776321173,-0.520812035,0.748002291,2.730241776,0.402279794,0.704364657,2.668003798,-0.55709368,0.836431742,2.705755949,0.418916106,0.799676299,2.657649994,-0.040425085,0.146826774,2.959000111,-0.04744748,0.086704999,2.897093773,-0.130621627,0.00364097,2.886999846,0.035256356,0.001682795,2.869515419,-0.155975446,-0.460396618,2.827455759,0.075989902,-0.467667341,2.810215473,-0.151600033,-0.878969789,2.869300127,0.089836501,-0.876760006,2.857905388,-0.169581562,-0.969599664,2.81825161,0.131935284,-0.978589892,2.797576666
78,313482169,-0.034204487,0.71635443,2.923190355,-0.04660872,0.515948355,2.977097511,-0.226845697,0.458510578,2.985410929,0.151223376,0.415897429,2.924399614,-0.448968291,0.562415779,2.860720634,0.36203593,0.481139719,2.775507212,-0.520036936,0.75272733,2.732114792,0.40023011,0.701505184,2.66712141,-0.554068565,0.842927992,2.709362984,0.418891311,0.803904593,2.65754056,-0.040183086,0.147490948,2.958515882,-0.047357175,0.087649114,2.896524906,-0.130544186,0.004416804,2.886499405,0.035209656,0.002645639,2.868701696,-0.155915633,-0.460431039,2.827269793,0.075685307,-0.467934728,2.809708357,-0.151641518,-0.879166365,2.86900115,0.089770027,-0.877275109,2.858304024,-0.170711562,-0.970470905,2.816754103,0.131811857,-0.978233457,2.796814442
79,313482173,-0.034385081,0.718266487,2.925110579,-0.047310546,0.515796304,2.976556301,-0.22659786,0.46022591,2.984527349,0.151207328,0.416459024,2.923764229,-0.449367523,0.56800276,2.862462997,0.361684024,0.481338114,2.774003506,-0.518345892,0.760608494,2.734683037,0.398562908,0.699809134,2.667943954,-0.547803998,0.853107095,2.710819244,0.418905854,0.808520555,2.656681299,-0.040485058,0.147771001,2.958066463,-0.047525626,0.087983027,2.896079063,-0.13052617,0.004810414,2.886061907,0.035054889,0.002935341,2.868288994,-0.155905843,-0.459972441,2.82693243,0.077014074,-0.465656549,2.809875965,-0.151634961,-0.879063904,2.86879158,0.089839682,-0.877352834,2.858109951,-0.170592248,-0.970481634,2.81728363,0.132747456,-0.979440808,2.799693108
80,313482176,-0.034557387,0.718380272,2.924973249,-0.047699213,0.515496016,2.975355387,-0.226094514,0.461556673,2.983647823,0.151304111,0.417056322,2.923266411,-0.447833151,0.574537754,2.864399672,0.361690044,0.481336206,2.774027348,-0.520812213,0.797099054,2.72689867,0.398250043,0.714786768,2.668380976,-0.545188963,0.855000317,2.712324858,0.417786837,0.811615705,2.6570158,-0.040816568,0.148100734,2.957394361,-0.047775123,0.08833012,2.895478249,-0.130659744,0.005257467,2.885590315,0.034773767,0.003190859,2.867765427,-0.155648306,-0.459954053,2.826663256,0.076829329,-0.465781987,2.809495449,-0.151607975,-0.878917098,2.868603706,0.089916177,-0.877348781,2.85795188,-0.170008793,-0.969801068,2.81682539,0.132575646,-0.979310453,2.79956007
81,313482180,-0.035101399,0.716853976,2.922914505,-0.04816528,0.515792787,2.974020958,-0.225787923,0.463566095,2.982532263,0.150737286,0.418211162,2.922308683,-0.447694063,0.579940379,2.866654158,0.361593515,0.481960565,2.773274422,-0.523263156,0.813971519,2.728322983,0.398305357,0.717772424,2.669224977,-0.546404004,0.887788773,2.722217798,0.415000796,0.808788002,2.660710812,-0.041267246,0.148851424,2.956483126,-0.048181698,0.089086324,2.894656897,-0.131002992,0.006798607,2.884300232,0.034389775,0.003698351,2.867457151,-0.15547739,-0.460190743,2.826460361,0.076841272,-0.465790868,2.809468985,-0.151422516,-0.879950523,2.867670059,0.089587241,-0.877975941,2.857955217,-0.169749498,-0.969649196,2.816797018,0.132672384,-0.979168415,2.799200535
82,313482183,-0.036242031,0.716304004,2.920212984,-0.050322123,0.515147746,2.971302509,-0.225572616,0.464669883,2.981475353,0.150442258,0.419939041,2.92107892,-0.449769586,0.578284442,2.867378712,0.359161884,0.501504064,2.776706934,-0.522925317,0.81859982,2.730166912,0.404574513,0.772851944,2.673879385,-0.545873404,0.889052153,2.723981142,0.418802977,0.838042557,2.658024311,-0.041825406,0.14966704,2.955549717,-0.048650891,0.089822605,2.893893003,-0.131122276,0.007902947,2.883650303,0.034005489,0.004147231,2.867021084,-0.155098557,-0.45997107,2.825932026,0.07701461,-0.466054946,2.809592962,-0.151253,-0.878396213,2.868533373,0.089461513,-0.878138006,2.857913733,-0.166268915,-0.965449691,2.821328402,0.132741317,-0.979354918,2.79856658
83,313482187,-0.036391523,0.716256201,2.920214891,-0.05031221,0.515225291,2.970986366,-0.225018799,0.466942042,2.980532408,0.15035145,0.42099148,2.920461416,-0.452150881,0.578746498,2.869728088,0.357704699,0.505332589,2.778004646,-0.521520078,0.829573274,2.735949993,0.404783428,0.77331692,2.673902988,-0.544697285,0.898204148,2.732545376,0.418366194,0.839573026,2.663063765,-0.041930851,0.150379032,2.954915285,-0.04866232,0.090816535,2.893231153,-0.130916759,0.009094909,2.882840872,0.033853572,0.005299788,2.866515636,-0.155019403,-0.459598899,2.825599194,0.076990187,-0.466151029,2.809580564,-0.151232839,-0.878377616,2.868395329,0.089346491,-0.876814485,2.858546495,-0.168243945,-0.966576099,2.825155258,0.130261615,-0.978090882,2.798256159
84,313482190,-0.03709244,0.713757515,2.917927027,-0.050639663,0.514866114,2.969235182,-0.224795893,0.468008816,2.980039358,0.15008013,0.421806008,2.91983223,-0.447261989,0.596871555,2.87139225,0.35686633,0.507295847,2.779038191,-0.521017432,0.834906459,2.740526915,0.400438845,0.753118992,2.676548958,-0.545339108,0.903993249,2.737421989,0.416051149,0.834686816,2.665553331,-0.042033579,0.150926232,2.954395294,-0.048772357,0.091329984,2.892834187,-0.130871236,0.00939101,2.882725239,0.033609953,0.006109033,2.866137028,-0.154991582,-0.459697247,2.825469494,0.076788135,-0.466399938,2.809419155,-0.151211709,-0.878400028,2.868384123,0.089016087,-0.877126217,2.858676672,-0.169491932,-0.967989743,2.824915409,0.130318716,-0.978178561,2.798158884
85,313482193,-0.037219886,0.712229729,2.917195559,-0.050586119,0.514977455,2.968838453,-0.223926395,0.468928486,2.978683949,0.148672342,0.422271848,2.918194056,-0.445491344,0.602240384,2.872811317,0.35578084,0.510801077,2.780745268,-0.520573199,0.839194953,2.743287325,0.392771333,0.71745193,2.67643404,-0.543893754,0.906827569,2.739984751,0.415735036,0.836223066,2.666217327,-0.042427268,0.150849745,2.953519106,-0.049330823,0.091275871,2.891936779,-0.131203771,0.009499105,2.88208437,0.032510843,0.006641769,2.865140676,-0.155198008,-0.459733725,2.825302601,0.076500282,-0.465331733,2.809241056,-0.151583746,-0.877404571,2.868361712,0.088775203,-0.877120197,2.858221531,-0.16882357,-0.967895746,2.821861267,0.130400583,-0.978159189,2.797300577
86,313482197,-0.038544703,0.712929726,2.91598177,-0.051590905,0.515610456,2.966653824,-0.224811137,0.470202178,2.977646351,0.148870125,0.422865719,2.917694569,-0.442102432,0.603049695,2.875161409,0.3552908,0.511639178,2.780420303,-0.515173793,0.828546762,2.75335741,0.392859548,0.718087018,2.67603159,-0.54304111,0.909799337,2.742852449,0.415746778,0.839258194,2.666689634,-0.042958573,0.152252167,2.952421904,-0.049652733,0.092672259,2.8910079,-0.131335855,0.010171168,2.881564379,0.032376088,0.007775628,2.8644135,-0.155483902,-0.46032089,2.825124741,0.076650128,-0.46510905,2.809115887,-0.151570126,-0.876885355,2.868279219,0.088852435,-0.87627244,2.858918667,-0.168759942,-0.967606246,2.820659876,0.130381927,-0.977865279,2.79712534
87,313482200,-0.037167743,0.712379158,2.911084175,-0.051755279,0.51450783,2.965740442,-0.224348933,0.470274925,2.976659536,0.148366898,0.422746658,2.916204453,-0.439922631,0.60429126,2.877025366,0.354788363,0.512023687,2.780303717,-0.515342712,0.831829786,2.752053261,0.393290311,0.731687307,2.676920176,-0.542307496,0.910051703,2.742995501,0.411638141,0.822634816,2.668037415,-0.043564148,0.151830584,2.951304913,-0.050409231,0.092439771,2.889912605,-0.132069632,0.010166717,2.880427361,0.031398371,0.007847881,2.86335516,-0.155521438,-0.460425317,2.825015068,0.076252759,-0.465489775,2.808921337,-0.151714534,-0.877219439,2.868154526,0.088848546,-0.876055896,2.85935998,-0.169030458,-0.967900693,2.820769548,0.130163938,-0.977698624,2.795571327
88,313482203,-0.037174471,0.712935865,2.910554171,-0.051376428,0.513920724,2.964637995,-0.224169999,0.470895439,2.975583076,0.147679791,0.421861112,2.914332867,-0.440113097,0.606470466,2.877568483,0.354912937,0.512363791,2.780118942,-0.515354276,0.835077703,2.751451492,0.402473688,0.777848959,2.671657085,-0.541652799,0.911018848,2.743246794,0.415995717,0.84509784,2.665812492,-0.043872058,0.151473612,2.950185061,-0.050924391,0.092145853,2.888834,-0.132591009,0.010231298,2.879532099,0.030557605,0.00740581,2.862133265,-0.156114221,-0.462058395,2.824588299,0.076311424,-0.465447873,2.808889627,-0.15161705,-0.87780869,2.867764473,0.088925458,-0.875986814,2.858121395,-0.168577969,-0.967656851,2.820456266,0.130207941,-0.977591038,2.795277596
